UID,Time saved by running the script,Run DateTime
Total UIDs Processed,Time saved by running the script,Run DateTime
UID,Time saved by running the script,Run DateTime
Total UIDs Processed,Time saved by running the script,Run DateTime
UID,Time saved by running the script,Run DateTime
Total UIDs Processed,Time saved by running the script,Run DateTime
UID,Time saved by running the script,Run DateTime
Total UIDs Processed,Time saved by running the script,Run DateTime
UID,Time saved by running the script,Run DateTime
6592,00:02:30,2024-11-18 16:37:27
1067,00:05:00,2024-11-18 16:43:10
9812,00:07:30,2024-11-18 16:49:50
1069,00:10:00,2024-11-18 16:54:33
1004,00:02:30,2024-11-28 14:47:03
1020,00:05:00,2024-11-28 14:52:25
9482,00:07:30,2024-11-28 14:58:30
1039,00:10:00,2024-11-28 15:04:07
1032,00:12:30,2024-11-28 15:07:57
1075,00:15:00,2024-11-28 15:11:24
1020,00:17:30,2024-11-28 15:14:24
8960,00:02:30,2024-11-28 16:25:50
1071,00:05:00,2024-11-28 16:30:21
9294,00:07:30,2024-11-28 16:35:18
9440,00:10:00,2024-11-28 16:39:01
9944,00:12:30,2024-11-28 16:44:48
1067,00:15:00,2024-11-28 16:47:43
1067,00:02:30,2024-11-29 15:11:26
5971,00:05:00,2024-11-29 15:14:09
yes,00:07:30,2024-11-29 15:16:39
7683,00:10:00,2024-11-29 15:20:12
1063,00:12:30,2024-11-29 15:26:44
4508,00:15:00,2024-11-29 15:33:59
,00:02:30,2024-11-30 22:54:47
8723,00:02:30,2024-11-30 16:41:31
1060,00:05:00,2024-11-30 16:44:52
1084,00:07:30,2024-11-30 16:52:50
1000,00:10:00,2024-11-30 16:56:16
1006,00:12:30,2024-11-30 17:01:10
8307,00:15:00,2024-11-30 17:06:31
1037,00:17:30,2024-11-30 17:17:02
1023,00:20:00,2024-11-30 17:22:49
8235,00:22:30,2024-11-30 17:55:22
1001,00:25:00,2024-11-30 18:03:00
1021,00:02:30,2024-12-02 14:49:48
1047,00:05:00,2024-12-02 14:52:57
1071,00:07:30,2024-12-02 14:58:48
1081,00:10:00,2024-12-02 15:02:41
1079,00:02:30,2024-12-02 15:23:30
1013,00:05:00,2024-12-02 15:28:33
9643,00:07:30,2024-12-02 15:34:14
1051,00:10:00,2024-12-02 15:38:09
9643,00:02:30,2024-12-04 15:40:02
8887,00:02:30,2024-12-04 15:50:36
1065,00:05:00,2024-12-04 15:52:58
1030,00:07:30,2024-12-04 15:55:03
1021,00:10:00,2024-12-04 15:58:33
1075,00:12:30,2024-12-04 16:00:51
1162,00:15:00,2024-12-04 16:03:42
6471,00:02:30,2024-12-04 16:06:55
7732,00:05:00,2024-12-04 16:09:41
1069,00:07:30,2024-12-04 16:13:19
1045,00:10:00,2024-12-04 16:16:17
8902,00:02:30,2024-12-05 11:12:41
1008,00:05:00,2024-12-05 11:18:33
1084,00:07:30,2024-12-05 11:34:41
1091,00:10:00,2024-12-05 11:40:20
1018,00:12:30,2024-12-05 11:47:42
1088,00:15:00,2024-12-05 11:49:39
,00:02:30,2024-12-08 01:33:12
1056,00:02:30,2024-12-10 16:29:36
1626,00:05:00,2024-12-10 16:33:07
1610,00:07:30,2024-12-10 16:36:25
1078,00:02:30,2024-12-10 16:48:59
1063,00:05:00,2024-12-10 16:51:18
1,00:02:30,2024-12-11 17:12:22
9649,00:02:30,2024-12-12 15:00:05
1050,00:05:00,2024-12-12 15:04:54
1016,00:07:30,2024-12-12 15:10:11
1056,00:10:00,2024-12-12 15:14:48
1044,00:12:30,2024-12-12 15:19:20
8790,00:15:00,2024-12-12 15:23:57
9040,00:17:30,2024-12-12 15:58:23
1007,00:20:00,2024-12-12 16:06:16
1070,00:22:30,2024-12-12 16:08:15
1031,00:25:00,2024-12-12 16:10:20
1071,00:27:30,2024-12-12 16:16:16
1020,00:30:00,2024-12-12 16:18:45
6250,00:32:30,2024-12-12 16:21:03
7839,00:35:00,2024-12-12 16:23:35
7773,00:37:30,2024-12-12 16:27:44
1061,00:40:00,2024-12-12 16:29:42
1027,00:42:30,2024-12-12 16:36:03
8904,00:45:00,2024-12-12 16:38:33
1058,00:02:30,2024-12-12 16:40:57
1079,00:05:00,2024-12-12 16:46:39
2619,00:02:30,2024-12-13 15:08:29
1084,00:05:00,2024-12-13 15:11:55
1025,00:07:30,2024-12-13 15:14:58
1039,00:10:00,2024-12-13 15:17:26
1074,00:12:30,2024-12-13 15:21:30
1055,00:15:00,2024-12-13 15:24:15
1055,00:17:30,2024-12-13 15:51:36
1071,00:02:30,2024-12-13 16:12:44
4490,00:05:00,2024-12-13 16:20:12
7781,00:07:30,2024-12-13 16:23:02
2619,00:10:00,2024-12-13 16:31:30
1084,00:12:30,2024-12-13 16:36:36
1025,00:15:00,2024-12-13 16:40:48
1028,00:17:30,2024-12-13 16:44:00
1039,00:20:00,2024-12-13 16:50:30
1074,00:22:30,2024-12-13 16:54:10
1055,00:25:00,2024-12-13 16:56:45
5327,00:27:30,2024-12-13 17:02:36
9421,00:30:00,2024-12-13 17:08:18
1080,00:32:30,2024-12-13 17:14:12
9742,00:35:00,2024-12-13 17:23:07
9544,00:02:30,2024-12-14 15:36:07
1002,00:05:00,2024-12-14 15:51:01
5734,00:07:30,2024-12-14 15:57:05
9441,00:10:00,2024-12-14 17:10:18
9441,00:12:30,2024-12-14 17:58:43
2569,00:15:00,2024-12-14 18:01:48
9624,00:17:30,2024-12-14 18:04:48
test,00:02:30,2024-12-16 11:44:32
test,00:05:00,2024-12-16 11:45:08
rwar,00:02:30,2024-12-16 11:46:24
test,00:02:30,2024-12-16 11:49:21
9798,00:02:30,2024-12-16 11:59:30
4395,00:05:00,2024-12-16 12:02:28
1248,00:07:30,2024-12-16 12:25:04
1048,00:10:00,2024-12-16 12:31:22
1077,00:12:30,2024-12-16 12:39:38
1027,00:15:00,2024-12-16 12:58:56
9796,00:17:30,2024-12-16 14:40:28
1080,00:20:00,2024-12-16 14:50:52
1090,00:22:30,2024-12-16 14:57:06
9746,00:25:00,2024-12-16 15:01:29
9076,00:02:30,2024-12-17 15:20:51
1068,00:05:00,2024-12-17 15:24:55
5242,00:07:30,2024-12-17 15:37:58
1039,00:10:00,2024-12-17 15:39:44
1092,00:12:30,2024-12-17 15:42:17
yes,00:15:00,2024-12-17 15:46:52
1056,00:17:30,2024-12-17 16:15:32
1091,00:20:00,2024-12-17 16:19:23
yes,00:22:30,2024-12-17 16:23:16
3222,00:25:00,2024-12-17 16:27:40
1096,00:27:30,2024-12-17 16:55:06
1062,00:30:00,2024-12-17 16:57:35
1058,00:02:30,2024-12-18 16:37:50
1083,00:05:00,2024-12-18 16:41:03
1071,00:07:30,2024-12-18 16:43:18
1093,00:10:00,2024-12-18 16:45:41
1004,00:12:30,2024-12-18 16:49:09
1021,00:15:00,2024-12-18 16:51:20
1008,00:17:30,2024-12-18 16:53:18
1062,00:20:00,2024-12-18 16:55:59
7734,00:22:30,2024-12-18 16:58:37
1062,00:25:00,2024-12-18 17:01:00
9165,00:02:30,2024-12-19 12:46:53
1085,00:05:00,2024-12-19 13:22:34
4029,00:07:30,2024-12-19 13:24:11
1137,00:10:00,2024-12-19 13:26:01
1034,00:12:30,2024-12-19 13:27:53
8454,00:15:00,2024-12-19 13:30:17
1100,00:17:30,2024-12-19 13:32:28
9094,00:20:00,2024-12-19 13:34:16
8081,00:22:30,2024-12-19 13:37:53
7774,00:25:00,2024-12-19 13:41:05
8481,00:27:30,2024-12-19 15:10:57
1088,00:30:00,2024-12-19 15:14:12
1048,00:32:30,2024-12-19 15:16:53
1083,00:35:00,2024-12-19 15:19:05
1054,00:37:30,2024-12-19 15:21:39
1080,00:40:00,2024-12-19 15:24:18
1082,00:42:30,2024-12-19 15:26:53
1093,00:45:00,2024-12-19 15:29:46
1080,00:47:30,2024-12-19 15:31:49
6184,00:50:00,2024-12-19 15:34:09
1,00:02:30,2025-01-06 16:23:37
2,00:05:00,2025-01-06 16:32:11
3,00:07:30,2025-01-06 16:36:22
4,00:10:00,2025-01-06 16:39:06
5,00:12:30,2025-01-06 16:42:19
6,00:15:00,2025-01-06 16:49:32
7,00:17:30,2025-01-06 16:54:48
8,00:20:00,2025-01-06 17:07:43
9,00:22:30,2025-01-06 17:16:17
10,00:25:00,2025-01-06 17:35:45
11,00:27:30,2025-01-06 17:49:04
1,00:02:30,2025-01-07 14:20:57
2,00:05:00,2025-01-07 14:26:12
3,00:07:30,2025-01-07 14:37:41
4,00:10:00,2025-01-07 14:46:23
5,00:12:30,2025-01-07 15:02:24
6,00:15:00,2025-01-07 15:19:09
7,00:17:30,2025-01-07 15:30:43
8,00:20:00,2025-01-07 15:35:40
9,00:22:30,2025-01-07 15:40:16
10,00:25:00,2025-01-07 15:51:13
1,00:02:30,2025-01-09 17:49:43
2,00:05:00,2025-01-09 18:21:35
3,00:07:30,2025-01-09 19:05:01
4,00:10:00,2025-01-09 19:10:33
1,00:02:30,2025-01-09 19:15:08
2,00:05:00,2025-01-09 19:17:45
3,00:07:30,2025-01-09 19:25:54
4,00:10:00,2025-01-09 19:45:54
1,00:02:30,2025-01-15 08:22:57
2,00:05:00,2025-01-15 08:39:00
2852,00:02:30,2025-01-16 15:07:04
1095,00:02:30,2025-01-16 15:10:28
1102,00:05:00,2025-01-16 15:13:40
7202,00:07:30,2025-01-16 15:18:45
1055,00:10:00,2025-01-16 15:25:39
9963,00:12:30,2025-01-16 15:31:27
1055,00:15:00,2025-01-16 15:36:37
1108,00:17:30,2025-01-16 15:41:02
7198,00:20:00,2025-01-16 15:44:51
1030,00:22:30,2025-01-16 15:49:04
1,00:02:30,2025-01-17 11:45:44
2,00:05:00,2025-01-17 13:10:26
3,00:07:30,2025-01-17 13:30:50
4,00:10:00,2025-01-17 14:18:45
5,00:12:30,2025-01-17 17:21:41
6,00:15:00,2025-01-17 17:25:33
7,00:17:30,2025-01-17 17:34:49
8,00:20:00,2025-01-17 17:49:26
9,00:22:30,2025-01-17 18:09:15
10,00:25:00,2025-01-17 18:19:14
11,00:27:30,2025-01-17 18:23:07
12,00:30:00,2025-01-17 18:28:49
13,00:32:30,2025-01-17 18:35:32
14,00:35:00,2025-01-17 18:41:22
15,00:37:30,2025-01-17 18:46:18
16,00:40:00,2025-01-17 18:49:30
17,00:42:30,2025-01-17 18:53:14
18,00:45:00,2025-01-17 18:58:47
1022,00:02:30,2025-01-22 11:20:54
9445,00:05:00,2025-01-22 11:23:39
1112,00:07:30,2025-01-22 11:26:35
9861,00:10:00,2025-01-22 11:33:18
1114,00:12:30,2025-01-22 11:35:31
1047,00:15:00,2025-01-22 11:41:48
1041,00:02:30,2025-01-22 12:42:50
9465,00:05:00,2025-01-22 12:45:29
7224,00:07:30,2025-01-22 12:48:05
1035,00:10:00,2025-01-22 12:50:27
1050,00:02:30,2025-01-22 12:52:58
1073,00:05:00,2025-01-22 12:55:34
1093,00:02:30,2025-01-22 14:44:18
1081,00:05:00,2025-01-22 14:47:23
1052,00:07:30,2025-01-22 14:49:45
2063,00:10:00,2025-01-22 14:52:47
1003,00:12:30,2025-01-22 14:55:49
1063,00:15:00,2025-01-22 14:58:07
9265,00:02:30,2025-01-22 15:36:36
1096,00:05:00,2025-01-22 15:39:37
1108,00:02:30,2025-01-22 15:42:20
1081,00:05:00,2025-01-22 15:45:25
9535,00:07:30,2025-01-22 15:49:21
1074,00:10:00,2025-01-22 15:51:37
1106,00:02:30,2025-01-22 16:53:07
1125,00:05:00,2025-01-22 16:56:35
1015,00:07:30,2025-01-22 16:58:57
9868,00:10:00,2025-01-22 17:02:00
1100,00:12:30,2025-01-22 17:05:48
1081,00:15:00,2025-01-22 17:08:07
1105,00:17:30,2025-01-22 17:28:40
1109,00:20:00,2025-01-22 17:30:27
1045,00:22:30,2025-01-22 17:33:11
8960,00:25:00,2025-01-22 17:36:03
1165,00:27:30,2025-01-22 17:38:27
1117,00:30:00,2025-01-22 17:41:11
1081,00:32:30,2025-01-22 18:02:13
1084,00:35:00,2025-01-22 18:04:29
1113,00:37:30,2025-01-22 18:08:50
yes,00:40:00,2025-01-22 18:12:11
9972,00:42:30,2025-01-22 18:14:22
8205,00:45:00,2025-01-22 18:16:19
1106,00:02:30,2025-01-23 13:34:32
1028,00:05:00,2025-01-23 13:38:34
6061,00:07:30,2025-01-23 13:40:55
9568,00:10:00,2025-01-23 13:44:41
1058,00:12:30,2025-01-23 13:49:31
1081,00:15:00,2025-01-23 13:52:04
1100,00:02:30,2025-01-23 16:45:54
1126,00:05:00,2025-01-23 16:48:24
1112,00:02:30,2025-01-23 16:50:15
1012,00:05:00,2025-01-23 16:53:03
8353,00:07:30,2025-01-23 16:55:18
1119,00:10:00,2025-01-23 16:57:55
1114,00:02:30,2025-01-24 11:50:47
9495,00:05:00,2025-01-24 11:53:16
1081,00:07:30,2025-01-24 11:55:29
9492,00:10:00,2025-01-24 11:57:40
1107,00:12:30,2025-01-24 11:59:46
1117,00:15:00,2025-01-24 12:18:08
1076,00:17:30,2025-01-24 12:21:38
1105,00:20:00,2025-01-24 12:23:41
1140,00:22:30,2025-01-24 12:26:05
9044,00:25:00,2025-01-24 12:28:39
1123,00:27:30,2025-01-24 12:31:11
1107,00:30:00,2025-01-24 12:33:50
1095,00:32:30,2025-01-24 14:15:15
6026,00:35:00,2025-01-24 14:17:42
9263,00:37:30,2025-01-24 14:19:55
1116,00:40:00,2025-01-24 14:21:48
1030,00:42:30,2025-01-24 14:24:25
1113,00:45:00,2025-01-24 14:26:37
1100,00:47:30,2025-01-24 14:31:20
1141,00:50:00,2025-01-24 14:37:04
1025,00:52:30,2025-01-24 14:38:57
1068,00:55:00,2025-01-24 14:41:44
9234,00:57:30,2025-01-24 14:44:51
1139,01:00:00,2025-01-24 14:47:21
5391,01:02:30,2025-01-24 15:09:49
4420,01:05:00,2025-01-24 15:12:05
1139,01:07:30,2025-01-24 15:13:58
1052,01:10:00,2025-01-24 15:16:03
1146,01:12:30,2025-01-24 15:17:51
1022,01:15:00,2025-01-24 15:19:31
1143,01:17:30,2025-01-24 15:21:24
1142,01:20:00,2025-01-24 15:23:28
1095,01:22:30,2025-01-24 15:25:23
1076,01:25:00,2025-01-24 15:28:32
1,00:02:30,2025-01-24 14:17:05
2,00:05:00,2025-01-24 18:04:42
3,00:07:30,2025-01-24 18:30:37
4,00:10:00,2025-01-24 18:35:42
5973,00:02:30,2025-01-25 22:05:22
1049,00:05:00,2025-01-25 22:07:21
1167,00:07:30,2025-01-25 22:09:30
1140,00:10:00,2025-01-25 22:12:11
1110,00:12:30,2025-01-25 22:16:22
1098,00:15:00,2025-01-25 22:18:28
no,00:17:30,2025-01-25 22:20:16
1048,00:20:00,2025-01-25 22:22:30
1101,00:22:30,2025-01-25 22:23:58
1467,00:25:00,2025-01-25 22:25:54
9376,00:27:30,2025-01-25 22:29:49
9466,00:30:00,2025-01-25 22:32:13
1111,00:32:30,2025-01-25 22:33:37
1045,00:35:00,2025-01-25 22:35:00
1138,00:37:30,2025-01-25 22:36:52
1067,00:40:00,2025-01-25 22:39:50
1145,00:42:30,2025-01-25 22:42:06
1139,00:45:00,2025-01-25 22:45:47
9602,00:47:30,2025-01-25 22:47:26
1152,00:50:00,2025-01-25 22:49:22
9690,00:52:30,2025-01-25 22:50:57
1141,00:55:00,2025-01-25 22:53:35
1136,00:57:30,2025-01-25 22:54:36
1112,01:00:00,2025-01-25 22:56:26
1120,01:02:30,2025-01-25 23:05:16
1125,01:05:00,2025-01-25 23:07:38
1155,01:07:30,2025-01-25 23:08:58
1133,01:10:00,2025-01-25 23:10:57
1123,01:12:30,2025-01-25 23:13:32
1083,01:15:00,2025-01-25 23:17:17
1104,00:02:30,2025-01-26 13:58:27
1093,00:05:00,2025-01-26 14:00:11
1082,00:07:30,2025-01-26 14:01:48
1146,00:10:00,2025-01-26 14:03:17
9352,00:12:30,2025-01-26 14:04:43
1063,00:15:00,2025-01-26 14:06:20
1147,00:17:30,2025-01-26 14:07:44
1059,00:20:00,2025-01-26 14:09:56
1148,00:22:30,2025-01-26 14:12:04
1129,00:25:00,2025-01-26 14:14:28
1003,00:27:30,2025-01-26 14:16:05
8992,00:30:00,2025-01-26 14:17:38
1074,00:32:30,2025-01-26 14:19:28
1158,00:35:00,2025-01-26 14:21:10
1140,00:37:30,2025-01-26 14:22:48
1153,00:40:00,2025-01-26 14:24:45
6328,00:42:30,2025-01-26 14:28:10
8664,00:45:00,2025-01-26 14:30:16
1121,00:47:30,2025-01-26 14:32:08
1177,00:50:00,2025-01-26 14:34:07
7714,00:52:30,2025-01-26 14:35:19
3824,00:55:00,2025-01-26 14:37:44
7562,00:57:30,2025-01-26 14:40:37
7747,01:00:00,2025-01-26 14:41:45
1061,01:02:30,2025-01-26 14:43:43
1108,01:05:00,2025-01-26 14:45:39
1163,01:07:30,2025-01-26 14:48:34
9185,01:10:00,2025-01-26 14:50:19
1152,01:12:30,2025-01-26 14:52:27
1063,01:15:00,2025-01-26 14:55:32
1049,00:02:30,2025-01-26 17:09:08
1167,00:05:00,2025-01-26 17:09:47
1049,00:02:30,2025-01-26 17:13:58
1167,00:05:00,2025-01-26 17:14:45
5973,00:02:30,2025-01-26 17:16:56
1138,00:02:30,2025-01-27 14:07:03
7572,00:05:00,2025-01-27 14:08:48
1155,00:07:30,2025-01-27 14:11:42
5891,00:10:00,2025-01-27 14:14:53
1108,00:12:30,2025-01-27 14:16:34
1135,00:15:00,2025-01-27 14:20:33
1077,00:17:30,2025-01-27 14:22:39
1103,00:20:00,2025-01-27 14:24:20
1083,00:22:30,2025-01-27 14:26:04
1130,00:25:00,2025-01-27 14:27:26
1110,00:27:30,2025-01-27 14:29:29
1114,00:30:00,2025-01-27 14:31:52
7232,00:32:30,2025-01-27 14:37:05
9553,00:35:00,2025-01-27 14:40:10
1037,00:37:30,2025-01-27 14:42:17
1159,00:40:00,2025-01-27 15:21:58
1159,00:42:30,2025-01-27 15:23:21
1148,00:45:00,2025-01-27 15:36:43
9886,00:47:30,2025-01-27 15:38:09
1142,00:50:00,2025-01-27 15:39:53
1112,00:52:30,2025-01-27 15:43:14
1156,00:55:00,2025-01-27 15:45:23
1142,00:57:30,2025-01-27 15:46:44
1164,01:00:00,2025-01-27 15:50:30
1163,01:02:30,2025-01-27 15:51:45
1161,01:05:00,2025-01-27 15:53:14
8679,01:07:30,2025-01-27 15:57:41
1158,01:10:00,2025-01-27 15:59:30
1,00:02:30,2025-01-27 14:52:46
2,00:05:00,2025-01-27 14:59:35
3,00:07:30,2025-01-27 15:07:51
1,00:02:30,2025-01-27 15:21:31
2,00:05:00,2025-01-27 15:30:02
3,00:07:30,2025-01-27 15:38:37
4,00:10:00,2025-01-27 15:47:01
5,00:12:30,2025-01-27 15:52:42
1159,00:02:30,2025-01-28 14:47:48
1127,00:05:00,2025-01-28 14:49:58
1065,00:07:30,2025-01-28 14:51:19
1070,00:10:00,2025-01-28 14:52:30
1115,00:12:30,2025-01-28 14:55:16
1081,00:15:00,2025-01-28 14:57:09
1053,00:17:30,2025-01-28 14:59:12
1085,00:20:00,2025-01-28 15:01:20
1049,00:22:30,2025-01-28 15:03:26
1079,00:25:00,2025-01-28 15:04:57
1096,00:02:30,2025-01-28 16:01:40
1097,00:05:00,2025-01-28 16:04:33
8690,00:07:30,2025-01-28 16:06:55
5370,00:10:00,2025-01-28 16:08:54
4089,00:12:30,2025-01-28 16:10:39
7613,00:15:00,2025-01-28 16:12:31
1119,00:17:30,2025-01-28 16:14:06
1099,00:20:00,2025-01-28 16:17:02
1067,00:22:30,2025-01-28 16:21:50
1036,00:25:00,2025-01-28 16:24:00
8566,00:27:30,2025-01-28 16:26:19
9653,00:30:00,2025-01-28 16:28:17
1105,00:32:30,2025-01-28 16:30:49
1134,00:35:00,2025-01-28 16:32:47
1077,00:37:30,2025-01-28 16:34:09
9171,00:40:00,2025-01-28 16:36:30
1125,00:42:30,2025-01-28 16:37:55
1168,00:45:00,2025-01-28 16:39:16
1142,00:47:30,2025-01-28 16:40:37
1024,00:50:00,2025-01-28 16:47:34
5347,00:02:30,2025-01-29 11:02:03
6654,00:05:00,2025-01-29 11:04:58
1145,00:07:30,2025-01-29 11:07:01
8044,00:10:00,2025-01-29 11:10:18
1167,00:12:30,2025-01-29 11:13:45
1163,00:15:00,2025-01-29 11:18:10
1117,00:17:30,2025-01-29 11:19:50
1041,00:02:30,2025-01-29 11:22:28
7156,00:05:00,2025-01-29 11:24:18
1106,00:07:30,2025-01-29 11:26:56
1164,00:10:00,2025-01-29 11:30:16
1092,00:12:30,2025-01-29 11:32:55
1166,00:15:00,2025-01-29 11:36:35