Total UIDs Processed,Time saved by running the script,Run DateTime
1,00:02:30,2024-11-05 16:20:16
2,00:05:00,2024-11-05 16:25:21
3,00:07:30,2024-11-05 16:30:11
1,00:02:30,2024-11-05 16:35:46
2,00:05:00,2024-11-05 16:40:39
3,00:07:30,2024-11-05 16:44:58
4,00:10:00,2024-11-05 16:50:40
5,00:12:30,2024-11-05 16:55:04
1,00:02:30,2024-11-06 13:12:50
2,00:05:00,2024-11-06 13:19:05
3,00:07:30,2024-11-06 13:22:17
4,00:10:00,2024-11-06 13:26:20
5,00:12:30,2024-11-06 13:30:09
6,00:15:00,2024-11-06 13:36:03
7,00:17:30,2024-11-06 13:40:32
8,00:20:00,2024-11-06 13:46:04
9,00:22:30,2024-11-06 13:59:40
10,00:25:00,2024-11-06 14:03:38
11,00:27:30,2024-11-06 15:22:28
12,00:30:00,2024-11-06 15:26:19
13,00:32:30,2024-11-06 15:34:09
1,00:02:30,2024-11-06 09:23:27
1,00:02:30,2024-11-06 10:38:12
1,00:02:30,2024-11-07 10:26:21
1,00:02:30,2024-11-07 10:36:51
2,00:05:00,2024-11-07 10:41:50
3,00:07:30,2024-11-07 10:47:16
4,00:10:00,2024-11-07 10:51:56
5,00:12:30,2024-11-07 10:56:14
6,00:15:00,2024-11-07 11:00:45
1,00:02:30,2024-11-07 15:20:21
2,00:05:00,2024-11-07 15:31:00
3,00:07:30,2024-11-07 15:38:04
4,00:10:00,2024-11-07 15:46:27
1,00:02:30,2024-11-07 15:51:22
2,00:05:00,2024-11-07 15:57:02
1,00:02:30,2024-11-07 16:58:19
1,00:02:30,2024-11-08 14:32:28
2,00:05:00,2024-11-08 14:36:40
3,00:07:30,2024-11-08 14:40:41
4,00:10:00,2024-11-08 14:45:50
5,00:12:30,2024-11-08 14:50:05
6,00:15:00,2024-11-08 14:57:13
7,00:17:30,2024-11-08 15:01:33
8,00:20:00,2024-11-08 15:05:47
9,00:22:30,2024-11-08 15:10:33
10,00:25:00,2024-11-08 15:14:57
11,00:27:30,2024-11-08 15:21:45
12,00:30:00,2024-11-08 16:05:55
13,00:32:30,2024-11-08 16:10:22
14,00:35:00,2024-11-08 16:13:57
15,00:37:30,2024-11-08 16:18:19
16,00:40:00,2024-11-08 16:22:29
17,00:42:30,2024-11-08 16:26:11
18,00:45:00,2024-11-08 16:31:20
19,00:47:30,2024-11-08 16:35:43
20,00:50:00,2024-11-08 17:00:09
1,00:02:30,2024-11-12 13:19:34
2,00:05:00,2024-11-12 13:27:02
3,00:07:30,2024-11-12 13:33:56
4,00:10:00,2024-11-12 13:37:52
5,00:12:30,2024-11-12 13:42:57
6,00:15:00,2024-11-12 13:50:51
1,00:02:30,2024-11-12 16:26:37
2,00:05:00,2024-11-12 16:31:20
3,00:07:30,2024-11-12 16:35:23
4,00:10:00,2024-11-12 16:45:03
5,00:12:30,2024-11-12 16:50:47
6,00:15:00,2024-11-12 16:54:43
1,00:02:30,2024-11-13 10:25:06
1,00:02:30,2024-11-13 17:05:41
1,00:02:30,2024-11-14 10:52:12
2,00:05:00,2024-11-14 10:56:18
3,00:07:30,2024-11-14 10:59:36
4,00:10:00,2024-11-14 11:03:28
5,00:12:30,2024-11-14 11:07:02
1,00:02:30,2024-11-14 11:12:29
2,00:05:00,2024-11-14 11:14:48
1,00:02:30,2024-11-14 11:20:58
2,00:05:00,2024-11-14 11:24:29
3,00:07:30,2024-11-14 11:32:12
4,00:10:00,2024-11-14 11:36:13
5,00:12:30,2024-11-14 11:42:53
6,00:15:00,2024-11-14 11:47:40
1,00:02:30,2024-11-14 14:15:59